{
    "metrics": {
        "checks": {
            "fails": 0,
            "passes": 7900,
            "value": 0
        },
        "data_received": {
            "count": 1044885600,
            "rate": 103885572.66969061
        },
        "data_sent": {
            "count": 1678750,
            "rate": 166906.21932127603
        },
        "http_req_blocked": {
            "avg": 0.010237960000000015,
            "max": 12.030175,
            "med": 0.0034915,
            "min": 0.001364,
            "p(90)": 0.006101399999999999,
            "p(95)": 0.008300849999999999
        },
        "http_req_connecting": {
            "avg": 0.001402926075949367,
            "max": 0.576152,
            "med": 0,
            "min": 0,
            "p(90)": 0,
            "p(95)": 0
        },
        "http_req_duration": {
            "avg": 47.10204647696199,
            "max": 164.681963,
            "med": 43.806523999999996,
            "min": 10.266506,
            "p(90)": 75.83881269999999,
            "p(95)": 87.43657969999997
        },
        "http_req_receiving": {
            "avg": 0.7949058774683533,
            "max": 31.681142,
            "med": 0.209752,
            "min": 0.085177,
            "p(90)": 1.5640298999999998,
            "p(95)": 4.11842319999999
        },
        "http_req_sending": {
            "avg": 0.08290836000000018,
            "max": 26.35348,
            "med": 0.0192755,
            "min": 0.008655,
            "p(90)": 0.032625999999999995,
            "p(95)": 0.04252109999999994
        },
        "http_req_tls_handshaking": {
            "avg": 0,
            "max": 0,
            "med": 0,
            "min": 0,
            "p(90)": 0,
            "p(95)": 0
        },
        "http_req_waiting": {
            "avg": 46.224232239493716,
            "max": 164.477496,
            "med": 42.8990105,
            "min": 10.056975,
            "p(90)": 74.4910581,
            "p(95)": 86.74447079999997
        },
        "http_reqs": {
            "count": 3950,
            "rate": 392.72051605006124
        },
        "iteration_duration": {
            "avg": 50.698209274683514,
            "max": 183.637207,
            "med": 47.4730175,
            "min": 13.117581,
            "p(90)": 79.9288169,
            "p(95)": 91.90212169999998
        },
        "iterations": {
            "count": 3950,
            "rate": 392.72051605006124
        },
        "vus": {
            "max": 20,
            "min": 20,
            "value": 20
        },
        "vus_max": {
            "max": 20,
            "min": 20,
            "value": 20
        }
    },
    "root_group": {
        "name": "",
        "path": "",
        "id": "d41d8cd98f00b204e9800998ecf8427e",
        "groups": {},
        "checks": {
            "is status 200": {
                "name": "is status 200",
                "path": "::is status 200",
                "id": "548d37ca5f33793206f7832e7cea54fb",
                "passes": 3950,
                "fails": 0
            },
            "no error in body": {
                "name": "no error in body",
                "path": "::no error in body",
                "id": "2304d1de9b435292b5c06f40b4167043",
                "passes": 3950,
                "fails": 0
            }
        }
    }
}
