{
    "metrics": {
        "checks": {
            "fails": 0,
            "passes": 5998,
            "value": 0
        },
        "data_received": {
            "count": 956681,
            "rate": 95305.56626062887
        },
        "data_sent": {
            "count": 683772,
            "rate": 68118.08497624885
        },
        "http_req_blocked": {
            "avg": 0.00771433244414805,
            "max": 0.622213,
            "med": 0.004984,
            "min": 0.001106,
            "p(90)": 0.007701600000000001,
            "p(95)": 0.008756199999999997
        },
        "http_req_connecting": {
            "avg": 0.0008909646548849617,
            "max": 0.311468,
            "med": 0,
            "min": 0,
            "p(90)": 0,
            "p(95)": 0
        },
        "http_req_duration": {
            "avg": 1.17462324474825,
            "max": 13.023869,
            "med": 1.281998,
            "min": 0.319598,
            "p(90)": 1.8437460000000003,
            "p(95)": 2.0806244
        },
        "http_req_receiving": {
            "avg": 0.06438281027009,
            "max": 0.673957,
            "med": 0.070488,
            "min": 0.014075,
            "p(90)": 0.10387300000000002,
            "p(95)": 0.1138705
        },
        "http_req_sending": {
            "avg": 0.0740931853951316,
            "max": 0.250178,
            "med": 0.080945,
            "min": 0.009322,
            "p(90)": 0.1233104,
            "p(95)": 0.1321586
        },
        "http_req_tls_handshaking": {
            "avg": 0,
            "max": 0,
            "med": 0,
            "min": 0,
            "p(90)": 0,
            "p(95)": 0
        },
        "http_req_waiting": {
            "avg": 1.0361472490830275,
            "max": 12.931826,
            "med": 1.115125,
            "min": 0.277615,
            "p(90)": 1.6357176000000004,
            "p(95)": 1.8451715000000002
        },
        "http_reqs": {
            "count": 2999,
            "rate": 298.76353059758264
        },
        "iteration_duration": {
            "avg": 1.5130963311103687,
            "max": 13.314211,
            "med": 1.674519,
            "min": 0.424206,
            "p(90)": 2.3625624000000003,
            "p(95)": 2.6613125
        },
        "iterations": {
            "count": 2999,
            "rate": 298.76353059758264
        },
        "vus": {
            "max": 10,
            "min": 10,
            "value": 10
        },
        "vus_max": {
            "max": 10,
            "min": 10,
            "value": 10
        }
    },
    "root_group": {
        "name": "",
        "path": "",
        "id": "d41d8cd98f00b204e9800998ecf8427e",
        "groups": {},
        "checks": {
            "is status 200": {
                "name": "is status 200",
                "path": "::is status 200",
                "id": "548d37ca5f33793206f7832e7cea54fb",
                "passes": 2999,
                "fails": 0
            },
            "no error in body": {
                "name": "no error in body",
                "path": "::no error in body",
                "id": "2304d1de9b435292b5c06f40b4167043",
                "passes": 2999,
                "fails": 0
            }
        }
    }
}
