{
    "metrics": {
        "checks": {
            "fails": 0,
            "passes": 20000,
            "value": 0
        },
        "data_received": {
            "count": 9000000,
            "rate": 2406792.291962614
        },
        "data_sent": {
            "count": 3090000,
            "rate": 826332.0202404974
        },
        "http_req_blocked": {
            "avg": 0.0038030054000000083,
            "max": 1.674306,
            "med": 0.001907,
            "min": 0.000901,
            "p(90)": 0.003542,
            "p(95)": 0.004756099999999998
        },
        "http_req_connecting": {
            "avg": 0.0001304426,
            "max": 0.459505,
            "med": 0,
            "min": 0,
            "p(90)": 0,
            "p(95)": 0
        },
        "http_req_duration": {
            "avg": 3.363693480600015,
            "max": 26.317045,
            "med": 2.6075635,
            "min": 0.570608,
            "p(90)": 6.277045800000001,
            "p(95)": 8.27420325
        },
        "http_req_receiving": {
            "avg": 0.07108121310000025,
            "max": 11.225144,
            "med": 0.030287,
            "min": 0.013314,
            "p(90)": 0.07014650000000001,
            "p(95)": 0.12427534999999992
        },
        "http_req_sending": {
            "avg": 0.02152808040000004,
            "max": 5.998871,
            "med": 0.011833,
            "min": 0.006439,
            "p(90)": 0.021368300000000003,
            "p(95)": 0.028180249999999997
        },
        "http_req_tls_handshaking": {
            "avg": 0,
            "max": 0,
            "med": 0,
            "min": 0,
            "p(90)": 0,
            "p(95)": 0
        },
        "http_req_waiting": {
            "avg": 3.2710841871000023,
            "max": 24.350404,
            "med": 2.527785,
            "min": 0.540073,
            "p(90)": 6.133292600000001,
            "p(95)": 8.090355699999996
        },
        "http_reqs": {
            "count": 10000,
            "rate": 2674.2136577362376
        },
        "iteration_duration": {
            "avg": 3.658402213299991,
            "max": 48.671102,
            "med": 2.8530295,
            "min": 0.675137,
            "p(90)": 6.6975635,
            "p(95)": 8.747789699999984
        },
        "iterations": {
            "count": 10000,
            "rate": 2674.2136577362376
        },
        "vus": {
            "max": 10,
            "min": 10,
            "value": 10
        },
        "vus_max": {
            "max": 10,
            "min": 10,
            "value": 10
        }
    },
    "root_group": {
        "name": "",
        "path": "",
        "id": "d41d8cd98f00b204e9800998ecf8427e",
        "groups": {},
        "checks": {
            "is status 200": {
                "name": "is status 200",
                "path": "::is status 200",
                "id": "548d37ca5f33793206f7832e7cea54fb",
                "passes": 10000,
                "fails": 0
            },
            "no error in body": {
                "name": "no error in body",
                "path": "::no error in body",
                "id": "2304d1de9b435292b5c06f40b4167043",
                "passes": 10000,
                "fails": 0
            }
        }
    }
}
