{
    "metrics": {
        "checks": {
            "fails": 0,
            "passes": 19490,
            "value": 0
        },
        "data_received": {
            "count": 8770500,
            "rate": 1737564.6271244546
        },
        "data_sent": {
            "count": 3011205,
            "rate": 596563.8553127295
        },
        "dropped_iterations": {
            "count": 255,
            "rate": 50.51923834635836
        },
        "http_req_blocked": {
            "avg": 0.003697827090815773,
            "max": 0.815286,
            "med": 0.002188,
            "min": 0.001043,
            "p(90)": 0.00318,
            "p(95)": 0.004219599999999999
        },
        "http_req_connecting": {
            "avg": 0.00013315700359158546,
            "max": 0.314842,
            "med": 0,
            "min": 0,
            "p(90)": 0,
            "p(95)": 0
        },
        "http_req_duration": {
            "avg": 1.1437795475628523,
            "max": 14.399807,
            "med": 0.869279,
            "min": 0.516293,
            "p(90)": 1.7828484000000002,
            "p(95)": 2.572891599999993
        },
        "http_req_receiving": {
            "avg": 0.04665413925089808,
            "max": 13.119592,
            "med": 0.027616,
            "min": 0.012053,
            "p(90)": 0.04538100000000001,
            "p(95)": 0.06497119999999985
        },
        "http_req_sending": {
            "avg": 0.05086028927655199,
            "max": 2.726133,
            "med": 0.035664,
            "min": 0.008239,
            "p(90)": 0.052032600000000026,
            "p(95)": 0.08047019999999994
        },
        "http_req_tls_handshaking": {
            "avg": 0,
            "max": 0,
            "med": 0,
            "min": 0,
            "p(90)": 0,
            "p(95)": 0
        },
        "http_req_waiting": {
            "avg": 1.0462651190354044,
            "max": 13.775726,
            "med": 0.801086,
            "min": 0.467876,
            "p(90)": 1.592883,
            "p(95)": 2.281105999999998
        },
        "http_reqs": {
            "count": 9745,
            "rate": 1930.6273634716163
        },
        "iteration_duration": {
            "avg": 1.3472799263211903,
            "max": 19.281404,
            "med": 1.038459,
            "min": 0.621622,
            "p(90)": 2.1249544000000005,
            "p(95)": 2.9531039999999984
        },
        "iterations": {
            "count": 9745,
            "rate": 1930.6273634716163
        },
        "vus": {
            "max": 10,
            "min": 10,
            "value": 10
        },
        "vus_max": {
            "max": 10,
            "min": 10,
            "value": 10
        }
    },
    "root_group": {
        "name": "",
        "path": "",
        "id": "d41d8cd98f00b204e9800998ecf8427e",
        "groups": {},
        "checks": {
            "is status 200": {
                "name": "is status 200",
                "path": "::is status 200",
                "id": "548d37ca5f33793206f7832e7cea54fb",
                "passes": 9745,
                "fails": 0
            },
            "no error in body": {
                "name": "no error in body",
                "path": "::no error in body",
                "id": "2304d1de9b435292b5c06f40b4167043",
                "passes": 9745,
                "fails": 0
            }
        }
    }
}
