{
    "metrics": {
        "checks": {
            "fails": 0,
            "passes": 5002,
            "value": 0
        },
        "data_received": {
            "count": 2250900,
            "rate": 445863.36350222316
        },
        "data_sent": {
            "count": 772809,
            "rate": 153079.75480242996
        },
        "http_req_blocked": {
            "avg": 0.005110173930427835,
            "max": 0.880602,
            "med": 0.003,
            "min": 0.001167,
            "p(90)": 0.005952,
            "p(95)": 0.007475
        },
        "http_req_connecting": {
            "avg": 0.0003276389444222311,
            "max": 0.127106,
            "med": 0,
            "min": 0,
            "p(90)": 0,
            "p(95)": 0
        },
        "http_req_duration": {
            "avg": 1.4410978984406257,
            "max": 11.884647,
            "med": 1.278623,
            "min": 0.59625,
            "p(90)": 2.293808,
            "p(95)": 2.574437
        },
        "http_req_receiving": {
            "avg": 0.04664178288684532,
            "max": 0.680105,
            "med": 0.040958,
            "min": 0.013442,
            "p(90)": 0.081817,
            "p(95)": 0.092152
        },
        "http_req_sending": {
            "avg": 0.05393678168732506,
            "max": 1.649232,
            "med": 0.048011,
            "min": 0.010127,
            "p(90)": 0.091537,
            "p(95)": 0.103614
        },
        "http_req_tls_handshaking": {
            "avg": 0,
            "max": 0,
            "med": 0,
            "min": 0,
            "p(90)": 0,
            "p(95)": 0
        },
        "http_req_waiting": {
            "avg": 1.3405193338664565,
            "max": 11.812562,
            "med": 1.193677,
            "min": 0.549902,
            "p(90)": 2.116992,
            "p(95)": 2.372789
        },
        "http_reqs": {
            "count": 2501,
            "rate": 495.4037372246924
        },
        "iteration_duration": {
            "avg": 1.6957547449020385,
            "max": 12.064122,
            "med": 1.509561,
            "min": 0.706435,
            "p(90)": 2.723371,
            "p(95)": 3.047241
        },
        "iterations": {
            "count": 2501,
            "rate": 495.4037372246924
        },
        "vus": {
            "max": 10,
            "min": 10,
            "value": 10
        },
        "vus_max": {
            "max": 10,
            "min": 10,
            "value": 10
        }
    },
    "root_group": {
        "name": "",
        "path": "",
        "id": "d41d8cd98f00b204e9800998ecf8427e",
        "groups": {},
        "checks": {
            "is status 200": {
                "name": "is status 200",
                "path": "::is status 200",
                "id": "548d37ca5f33793206f7832e7cea54fb",
                "passes": 2501,
                "fails": 0
            },
            "no error in body": {
                "name": "no error in body",
                "path": "::no error in body",
                "id": "2304d1de9b435292b5c06f40b4167043",
                "passes": 2501,
                "fails": 0
            }
        }
    }
}
